{"ampT": 0.827028,"tAmpT": 984,"ampL": 1.051375,"tStartL": 1104,"tEndL": 3913,"averN": 0.019802,"theta": 0.810420,"dtheta": 0.068959,"k1": 0.329839,"dk1": 0.043747,"b1": 112.823403,"db1": 0.000017,"fit1": 1,"k2": 1.786206,"dk2": 0.123247,"b2": 156.799719,"db2": 0.000010,"fit2": 2}
