{"ampT": 1.010084,"tAmpT": 984,"ampL": 1.343928,"tStartL": 5449,"tEndL": 6624,"averN": 0.007938,"theta": 0.628302,"dtheta": 0.010902,"k1": 0.712863,"dk1": 0.020631,"b1": -144.580843,"db1": 0.000003,"fit1": 0,"k2": 0.994330,"dk2": 0.020631,"b2": 114.324920,"db2": 0.000003,"fit2": 2}
