{"ampT": 1.488205,"tAmpT": 985,"ampL": 1.597339,"tStartL": 1123,"tEndL": 5095,"averN": 0.039522,"theta": 0.651944,"dtheta": 0.056956,"k1": 0.577280,"dk1": 0.098061,"b1": -114.017317,"db1": 0.000030,"fit1": 0,"k2": -0.889868,"dk2": 0.098061,"b2": 361.335618,"db2": 0.000030,"fit2": 2}
