{"ampT": 1.685456,"tAmpT": 984,"ampL": 0.957008,"tStartL": 2871,"tEndL": 6011,"averN": 0.030597,"theta": 1.028299,"dtheta": 0.047324,"k1": 0.457629,"dk1": 0.041292,"b1": 68.638718,"db1": 0.000005,"fit1": 0,"k2": 0.389973,"dk2": 0.041292,"b2": 279.624635,"db2": 0.000005,"fit2": 2}
