{"ampT": 0.805562,"tAmpT": 984,"ampL": 1.895528,"tStartL": 6152,"tEndL": 7395,"averN": 0.009180,"theta": 1.256419,"dtheta": 0.011150,"k1": -0.528052,"dk1": 0.009746,"b1": -135.950864,"db1": 0.000009,"fit1": 1,"k2": -0.409619,"dk2": 0.014362,"b2": 125.619187,"db2": 0.000001,"fit2": 2}
