{"ampT": 1.148804,"tAmpT": 983,"ampL": 1.754396,"tStartL": 7147,"tEndL": 7824,"averN": 0.006243,"theta": 1.466314,"dtheta": 0.013490,"k1": 0.562405,"dk1": 0.024824,"b1": 62.101052,"db1": 0.000002,"fit1": 1,"k2": -0.125837,"dk2": 0.015813,"b2": 138.399502,"db2": 0.000063,"fit2": 2}
