{"ampT": 0.473166,"tAmpT": 983,"ampL": 0.617055,"tStartL": 989,"tEndL": 3471,"averN": 0.007173,"theta": 0.007229,"dtheta": 0.020700,"k1": 0.691278,"dk1": 0.100633,"b1": -22.027269,"db1": 0.000012,"fit1": 1,"k2": 0.006989,"dk2": 0.020000,"b2": -87.554102,"db2": 0.000000,"fit2": 3}
