{"ampT": 0.545777,"tAmpT": 984,"ampL": 1.138472,"tStartL": 2909,"tEndL": 4292,"averN": 0.012460,"theta": 0.713775,"dtheta": 0.037946,"k1": 0.403003,"dk1": 0.024537,"b1": 126.134032,"db1": 0.000018,"fit1": 1,"k2": 1.816968,"dk2": 0.101749,"b2": 86.054270,"db2": 0.000008,"fit2": 2}
