{"ampT": 1.012563,"tAmpT": 984,"ampL": 3.173134,"tStartL": 994,"tEndL": 2496,"averN": 0.032450,"theta": 1.504293,"dtheta": 0.076171,"k1": -0.053545,"dk1": 0.061323,"b1": -87.811301,"db1": 0.000014,"fit1": 1,"k2": 0.732714,"dk2": 0.091300,"b2": 448.920839,"db2": 0.000011,"fit2": 2}
