{"ampT": 1.073634,"tAmpT": 984,"ampL": 1.240926,"tStartL": 6558,"tEndL": 7667,"averN": 0.006141,"theta": 1.332099,"dtheta": 0.047354,"k1": 0.242472,"dk1": 0.047207,"b1": 107.760833,"db1": 0.000268,"fit1": 1,"k2": 0.607440,"dk2": 0.056579,"b2": 92.826606,"db2": 0.000005,"fit2": 2}
