{"ampT": 1.650592,"tAmpT": 984,"ampL": 0.780894,"tStartL": 2708,"tEndL": 7676,"averN": 0.013435,"theta": 0.525292,"dtheta": 0.028118,"k1": 0.714651,"dk1": 0.069625,"b1": 134.308450,"db1": 0.000010,"fit1": 0,"k2": -1.247407,"dk2": 0.069625,"b2": 137.069199,"db2": 0.000010,"fit2": 2}
