{"ampT": 0.522769,"tAmpT": 984,"ampL": 0.491431,"tStartL": 6827,"tEndL": 7701,"averN": 0.005062,"theta": 0.711715,"dtheta": 0.156098,"k1": 0.872711,"dk1": 0.285939,"b1": 99.777462,"db1": 0.000019,"fit1": 1,"k2": -1.037220,"dk2": 0.264485,"b2": 143.611677,"db2": 0.002138,"fit2": 2}
