{"ampT": 1.201153,"tAmpT": 983,"ampL": 1.718990,"tStartL": 1928,"tEndL": 7715,"averN": 0.017847,"theta": 0.723701,"dtheta": 0.018459,"k1": -0.211628,"dk1": 0.025076,"b1": -25.768587,"db1": 0.000006,"fit1": 0,"k2": 0.680442,"dk2": 0.025076,"b2": 168.689909,"db2": 0.000006,"fit2": 2}
