{"ampT": 0.807780,"tAmpT": 984,"ampL": 0.593809,"tStartL": 4157,"tEndL": 6528,"averN": 0.010723,"theta": 0.824315,"dtheta": 0.091716,"k1": 0.628673,"dk1": 0.113590,"b1": -133.429267,"db1": 0.000020,"fit1": 0,"k2": 0.642743,"dk2": 0.113590,"b2": 194.123092,"db2": 0.000020,"fit2": 2}
