{"ampT": 0.970742,"tAmpT": 983,"ampL": 2.514687,"tStartL": 989,"tEndL": 3582,"averN": 0.036833,"theta": 1.141972,"dtheta": 0.111179,"k1": 0.146244,"dk1": 0.043591,"b1": -54.719634,"db1": 0.000006,"fit1": 1,"k2": -0.538056,"dk2": 0.019231,"b2": 141.114023,"db2": 0.000000,"fit2": 3}
