{"ampT": 1.163600,"tAmpT": 984,"ampL": 0.881523,"tStartL": 4359,"tEndL": 6060,"averN": 0.015968,"theta": 1.156873,"dtheta": 0.052246,"k1": 0.337454,"dk1": 0.045749,"b1": 95.845338,"db1": 0.000010,"fit1": 1,"k2": 0.808201,"dk2": 0.058929,"b2": 160.082661,"db2": 0.000008,"fit2": 2}
