{"ampT": 0.488409,"tAmpT": 983,"ampL": 0.526034,"tStartL": 3747,"tEndL": 7688,"averN": 0.010240,"theta": 0.497757,"dtheta": 0.019251,"k1": 0.975716,"dk1": 0.071385,"b1": 157.369134,"db1": 0.000007,"fit1": 1,"k2": -1.550084,"dk2": 0.041037,"b2": 317.353430,"db2": 0.000008,"fit2": 2}
