{"ampT": 8.298390,"tAmpT": 969,"ampL": 4.741591,"tStartL": 982,"tEndL": 7161,"averN": 0.192972,"theta": 0.505495,"dtheta": 0.028926,"k1": -0.120415,"dk1": 0.072504,"b1": -19.442410,"db1": 0.000025,"fit1": 0,"k2": -1.070513,"dk2": 0.072504,"b2": 305.040293,"db2": 0.000025,"fit2": 2}
