{"ampT": 1.461002,"tAmpT": 984,"ampL": 1.213472,"tStartL": 3802,"tEndL": 7679,"averN": 0.011938,"theta": 1.005925,"dtheta": 0.086477,"k1": 0.407974,"dk1": 0.076254,"b1": 99.109053,"db1": 0.000005,"fit1": 0,"k2": -0.402629,"dk2": 0.076254,"b2": 138.126958,"db2": 0.000005,"fit2": 2}
