{"ampT": 1.998414,"tAmpT": 984,"ampL": 2.794022,"tStartL": 5140,"tEndL": 7189,"averN": 0.019986,"theta": 1.309808,"dtheta": 0.131889,"k1": -0.044459,"dk1": 0.023236,"b1": 85.447692,"db1": 0.000013,"fit1": 1,"k2": 0.282709,"dk2": 0.025000,"b2": 32.835184,"db2": 0.000001,"fit2": 3}
