{"ampT": 0.806052,"tAmpT": 984,"ampL": 0.863805,"tStartL": 5074,"tEndL": 7695,"averN": 0.009163,"theta": 0.869980,"dtheta": 0.097137,"k1": -0.319219,"dk1": 0.068474,"b1": 66.151743,"db1": 0.000009,"fit1": 1,"k2": -0.612754,"dk2": 0.018868,"b2": 157.967911,"db2": 0.000001,"fit2": 3}
