{"ampT": 0.206904,"tAmpT": 983,"ampL": 0.333666,"tStartL": 6992,"tEndL": 7727,"averN": 0.006156,"theta": 1.440344,"dtheta": 0.332701,"k1": 0.154954,"dk1": 0.201437,"b1": -0.525359,"db1": 0.000010,"fit1": 0,"k2": 0.078096,"dk2": 0.201437,"b2": 155.779370,"db2": 0.000010,"fit2": 2}
