{"ampT": 0.496688,"tAmpT": 984,"ampL": 0.912859,"tStartL": 992,"tEndL": 2853,"averN": 0.012535,"theta": 0.683207,"dtheta": 0.070773,"k1": -1.103474,"dk1": 0.137141,"b1": -174.292380,"db1": 0.000011,"fit1": 0,"k2": 1.076179,"dk2": 0.137141,"b2": 495.269464,"db2": 0.000011,"fit2": 2}
