{"ampT": 1.153383,"tAmpT": 984,"ampL": 0.981590,"tStartL": 3964,"tEndL": 7688,"averN": 0.015838,"theta": 0.840467,"dtheta": 0.017839,"k1": -1.193583,"dk1": 0.030569,"b1": -118.933392,"db1": 0.000007,"fit1": 1,"k2": 0.687216,"dk2": 0.023576,"b2": 238.017265,"db2": 0.000005,"fit2": 2}
