{"ampT": 0.493123,"tAmpT": 984,"ampL": 0.528525,"tStartL": 6599,"tEndL": 8274,"averN": 0.006526,"theta": 1.415162,"dtheta": 0.140367,"k1": 0.423548,"dk1": 0.170016,"b1": -16.091170,"db1": 0.000013,"fit1": 1,"k2": 0.236653,"dk2": 0.201415,"b2": 166.532501,"db2": 0.000048,"fit2": 2}
