{"ampT": 1.621259,"tAmpT": 1061,"ampL": 1.519604,"tStartL": 1067,"tEndL": 2334,"averN": 0.017960,"theta": 1.529468,"dtheta": 0.107803,"k1": 0.984155,"dk1": 0.089112,"b1": -160.602015,"db1": 0.000010,"fit1": 0,"k2": -0.034129,"dk2": 0.089112,"b2": 394.709935,"db2": 0.000010,"fit2": 2}
