{"ampT": 1.182882,"tAmpT": 984,"ampL": 2.620842,"tStartL": 1849,"tEndL": 2886,"averN": 0.028485,"theta": 1.406821,"dtheta": 0.010938,"k1": 0.185335,"dk1": 0.012650,"b1": 20.841444,"db1": 0.000002,"fit1": 1,"k2": -0.534099,"dk2": 0.008576,"b2": 358.856122,"db2": 0.000012,"fit2": 2}
