{"ampT": 1.551582,"tAmpT": 984,"ampL": 0.619496,"tStartL": 990,"tEndL": 7674,"averN": 0.028829,"theta": 0.152179,"dtheta": 0.020517,"k1": -0.576485,"dk1": 0.280526,"b1": -44.991945,"db1": 0.000061,"fit1": 0,"k2": 4.427235,"dk2": 0.280526,"b2": -7.800292,"db2": 0.000061,"fit2": 2}
