{"ampT": 1.439039,"tAmpT": 984,"ampL": 2.446626,"tStartL": 2681,"tEndL": 4198,"averN": 0.035167,"theta": 1.295611,"dtheta": 0.016141,"k1": -0.985650,"dk1": 0.014297,"b1": 14.224159,"db1": 0.000003,"fit1": 0,"k2": 0.233204,"dk2": 0.014297,"b2": 303.821954,"db2": 0.000003,"fit2": 2}
