{"ampT": 0.448597,"tAmpT": 984,"ampL": 0.749791,"tStartL": 6874,"tEndL": 7687,"averN": 0.006722,"theta": 1.561846,"dtheta": 0.023161,"k1": 0.024316,"dk1": 0.062715,"b1": 106.808639,"db1": 0.000018,"fit1": 1,"k2": -0.216596,"dk2": 0.049610,"b2": 175.426080,"db2": 0.000004,"fit2": 2}
