{"ampT": 0.802888,"tAmpT": 983,"ampL": 0.960526,"tStartL": 989,"tEndL": 7706,"averN": 0.034658,"theta": 0.252769,"dtheta": 0.042118,"k1": 0.681401,"dk1": 0.294766,"b1": -97.681427,"db1": 0.000027,"fit1": 0,"k2": 2.755841,"dk2": 0.294766,"b2": 11.455800,"db2": 0.000027,"fit2": 2}
