{"ampT": 1.757280,"tAmpT": 984,"ampL": 0.678488,"tStartL": 2616,"tEndL": 7807,"averN": 0.022402,"theta": 0.700717,"dtheta": 0.110578,"k1": 0.269022,"dk1": 0.062344,"b1": -123.834254,"db1": 0.000020,"fit1": 1,"k2": -2.684380,"dk2": 0.161946,"b2": -69.623354,"db2": 0.000012,"fit2": 2}
