{"ampT": 0.899891,"tAmpT": 984,"ampL": 0.914422,"tStartL": 2711,"tEndL": 6067,"averN": 0.017248,"theta": 0.327247,"dtheta": 0.012276,"k1": -0.467630,"dk1": 0.062198,"b1": 143.351658,"db1": 0.000020,"fit1": 0,"k2": 1.913013,"dk2": 0.062198,"b2": 150.810439,"db2": 0.000020,"fit2": 2}
