{"ampT": 1.715867,"tAmpT": 984,"ampL": 1.370823,"tStartL": 998,"tEndL": 5933,"averN": 0.040294,"theta": 0.788974,"dtheta": 0.089366,"k1": -0.295802,"dk1": 0.057106,"b1": 11.509011,"db1": 0.000008,"fit1": 1,"k2": -0.485671,"dk2": 0.010101,"b2": 161.368942,"db2": 0.000000,"fit2": 3}
