{"ampT": 0.888366,"tAmpT": 983,"ampL": 0.895670,"tStartL": 4659,"tEndL": 7685,"averN": 0.013607,"theta": 0.899519,"dtheta": 0.079036,"k1": -0.911111,"dk1": 0.097849,"b1": 124.763550,"db1": 0.000009,"fit1": 0,"k2": 0.632113,"dk2": 0.097849,"b2": 111.247813,"db2": 0.000009,"fit2": 2}
