{"ampT": 0.424888,"tAmpT": 983,"ampL": 1.067882,"tStartL": 992,"tEndL": 2555,"averN": 0.012632,"theta": 0.699328,"dtheta": 0.043043,"k1": 0.424245,"dk1": 0.040440,"b1": -64.333844,"db1": 0.000012,"fit1": 1,"k2": 1.790621,"dk2": 0.059633,"b2": 536.652092,"db2": 0.000008,"fit2": 2}
