{"ampT": 1.459930,"tAmpT": 984,"ampL": 0.890335,"tStartL": 3456,"tEndL": 7673,"averN": 0.018990,"theta": 0.569370,"dtheta": 0.040767,"k1": -0.416639,"dk1": 0.084277,"b1": -119.903450,"db1": 0.000025,"fit1": 0,"k2": 0.995576,"dk2": 0.084277,"b2": 263.506437,"db2": 0.000025,"fit2": 2}
