{"ampT": 0.676533,"tAmpT": 983,"ampL": 1.618928,"tStartL": 5131,"tEndL": 6478,"averN": 0.015726,"theta": 1.362554,"dtheta": 0.031839,"k1": -0.177477,"dk1": 0.027368,"b1": -65.815931,"db1": 0.000004,"fit1": 1,"k2": -0.711299,"dk2": 0.035045,"b2": 160.625435,"db2": 0.000007,"fit2": 2}
