{"ampT": 1.029290,"tAmpT": 984,"ampL": 1.885321,"tStartL": 6965,"tEndL": 8143,"averN": 0.005612,"theta": 0.756561,"dtheta": 0.005101,"k1": 0.523800,"dk1": 0.006905,"b1": 135.749753,"db1": 0.000001,"fit1": 0,"k2": 0.703493,"dk2": 0.006905,"b2": 202.973048,"db2": 0.000001,"fit2": 2}
