{"ampT": 1.510522,"tAmpT": 985,"ampL": 3.663317,"tStartL": 3811,"tEndL": 4943,"averN": 0.031976,"theta": 1.243181,"dtheta": 0.284580,"k1": 0.017034,"dk1": 0.010718,"b1": -11.172300,"db1": 0.000001,"fit1": 1,"k2": -0.085191,"dk2": 0.058824,"b2": 10.958479,"db2": 0.000001,"fit2": 3}
