{"ampT": 0.321867,"tAmpT": 983,"ampL": 0.158220,"tStartL": 7598,"tEndL": 7799,"averN": 0.008623,"theta": 1.259201,"dtheta": 16.753012,"k1": 0.652547,"dk1": 15.185101,"b1": -0.264612,"db1": 0.002016,"fit1": 1,"k2": -0.346692,"dk2": 19.082334,"b2": 112.191608,"db2": 0.005890,"fit2": 2}
