{"ampT": 0.888424,"tAmpT": 984,"ampL": 1.158727,"tStartL": 5988,"tEndL": 7844,"averN": 0.007913,"theta": 1.078839,"dtheta": 0.064343,"k1": 0.145740,"dk1": 0.049183,"b1": 115.339336,"db1": 0.000011,"fit1": 0,"k2": 0.318569,"dk2": 0.049183,"b2": 172.236440,"db2": 0.000011,"fit2": 2}
