{"ampT": 1.485687,"tAmpT": 984,"ampL": 1.235853,"tStartL": 3083,"tEndL": 5345,"averN": 0.018720,"theta": 1.191119,"dtheta": 0.012010,"k1": 0.534507,"dk1": 0.013825,"b1": 37.858243,"db1": 0.000002,"fit1": 1,"k2": 0.497946,"dk2": 0.014195,"b2": 261.580013,"db2": 0.000005,"fit2": 2}
