{"ampT": 1.821221,"tAmpT": 983,"ampL": 1.711785,"tStartL": 1061,"tEndL": 5249,"averN": 0.045571,"theta": 1.084845,"dtheta": 0.044015,"k1": -0.837559,"dk1": 0.042360,"b1": -45.474628,"db1": 0.000008,"fit1": 0,"k2": -0.405289,"dk2": 0.042360,"b2": 283.481325,"db2": 0.000008,"fit2": 2}
