{"ampT": 0.266821,"tAmpT": 983,"ampL": 0.342829,"tStartL": 5037,"tEndL": 7693,"averN": 0.006944,"theta": 0.291619,"dtheta": 0.015799,"k1": -0.243261,"dk1": 0.104997,"b1": -132.736754,"db1": 0.000013,"fit1": 0,"k2": -2.016775,"dk2": 0.104997,"b2": 15.944791,"db2": 0.000013,"fit2": 2}
