{"ampT": 0.753312,"tAmpT": 984,"ampL": 1.668114,"tStartL": 996,"tEndL": 3069,"averN": 0.016245,"theta": 0.764637,"dtheta": 0.019352,"k1": 0.275445,"dk1": 0.024317,"b1": 116.841977,"db1": 0.000022,"fit1": 0,"k2": -0.636017,"dk2": 0.024317,"b2": 359.755683,"db2": 0.000022,"fit2": 2}
