{"ampT": 1.111857,"tAmpT": 984,"ampL": 1.791882,"tStartL": 1815,"tEndL": 3463,"averN": 0.022891,"theta": 0.377395,"dtheta": 0.828442,"k1": 0.022126,"dk1": 0.028996,"b1": 94.585835,"db1": 0.000006,"fit1": 1,"k2": 0.014906,"dk2": 0.030303,"b2": 88.932210,"db2": 0.000000,"fit2": 3}
