{"ampT": 0.888643,"tAmpT": 984,"ampL": 1.697987,"tStartL": 4908,"tEndL": 6749,"averN": 0.013103,"theta": 0.957635,"dtheta": 0.014295,"k1": 0.205299,"dk1": 0.012790,"b1": 121.386248,"db1": 0.000003,"fit1": 0,"k2": 0.422535,"dk2": 0.012790,"b2": 214.047012,"db2": 0.000003,"fit2": 2}
