{"ampT": 1.090752,"tAmpT": 984,"ampL": 1.947098,"tStartL": 2861,"tEndL": 3991,"averN": 0.026104,"theta": 1.508516,"dtheta": 0.020961,"k1": 0.056295,"dk1": 0.018875,"b1": -84.406565,"db1": 0.000003,"fit1": 1,"k2": 0.652658,"dk2": 0.030224,"b2": 359.619541,"db2": 0.000004,"fit2": 2}
