{"ampT": 1.552672,"tAmpT": 984,"ampL": 0.927188,"tStartL": 991,"tEndL": 6747,"averN": 0.031863,"theta": 0.323096,"dtheta": 0.320732,"k1": 0.240509,"dk1": 0.270531,"b1": -7.424738,"db1": 0.000028,"fit1": 1,"k2": -0.133104,"dk2": 0.008621,"b2": 55.117820,"db2": 0.000000,"fit2": 3}
