{"ampT": 1.308856,"tAmpT": 984,"ampL": 3.868910,"tStartL": 2242,"tEndL": 3566,"averN": 0.036700,"theta": 0.896775,"dtheta": 0.026064,"k1": 0.275920,"dk1": 0.025853,"b1": -97.131505,"db1": 0.000043,"fit1": 0,"k2": -0.487454,"dk2": 0.025853,"b2": 319.810089,"db2": 0.000043,"fit2": 2}
