{"ampT": 1.513128,"tAmpT": 984,"ampL": 1.104002,"tStartL": 1107,"tEndL": 6999,"averN": 0.027218,"theta": 0.807675,"dtheta": 0.045375,"k1": 0.708661,"dk1": 0.074424,"b1": 98.885737,"db1": 0.000020,"fit1": 1,"k2": 0.973018,"dk2": 0.056439,"b2": 194.518241,"db2": 0.000009,"fit2": 2}
