{"ampT": 1.574403,"tAmpT": 984,"ampL": 0.710304,"tStartL": 990,"tEndL": 7652,"averN": 0.028129,"theta": 0.358720,"dtheta": 0.192369,"k1": 0.446149,"dk1": 0.312655,"b1": 78.283061,"db1": 0.000041,"fit1": 1,"k2": 3.850575,"dk2": 0.113134,"b2": 153.489546,"db2": 0.000059,"fit2": 2}
