{"ampT": 0.560478,"tAmpT": 983,"ampL": 0.809239,"tStartL": 6077,"tEndL": 7735,"averN": 0.006963,"theta": 1.491920,"dtheta": 0.049311,"k1": 0.122204,"dk1": 0.075983,"b1": 119.536455,"db1": 0.000260,"fit1": 1,"k2": 0.383297,"dk2": 0.052540,"b2": 96.319987,"db2": 0.000004,"fit2": 2}
