{"ampT": 1.164488,"tAmpT": 984,"ampL": 1.635081,"tStartL": 992,"tEndL": 3479,"averN": 0.032648,"theta": 1.013010,"dtheta": 0.067928,"k1": 0.243488,"dk1": 0.038184,"b1": -14.929991,"db1": 0.000009,"fit1": 1,"k2": -0.644652,"dk2": 0.020000,"b2": 227.359204,"db2": 0.000000,"fit2": 3}
