{"ampT": 0.762240,"tAmpT": 984,"ampL": 1.468368,"tStartL": 990,"tEndL": 2395,"averN": 0.020203,"theta": 0.937647,"dtheta": 0.055077,"k1": 0.493100,"dk1": 0.068986,"b1": -76.088594,"db1": 0.000007,"fit1": 1,"k2": -0.976211,"dk2": 0.025218,"b2": 349.635012,"db2": 0.000029,"fit2": 2}
