{"ampT": 0.585320,"tAmpT": 984,"ampL": 1.197089,"tStartL": 992,"tEndL": 2696,"averN": 0.012796,"theta": 0.773614,"dtheta": 0.075376,"k1": 0.799161,"dk1": 0.108819,"b1": -26.871072,"db1": 0.000033,"fit1": 0,"k2": 0.770960,"dk2": 0.108819,"b2": 416.511456,"db2": 0.000033,"fit2": 2}
