{"ampT": 0.116574,"tAmpT": 983,"ampL": 1.321759,"tStartL": 5656,"tEndL": 7698,"averN": 0.011488,"theta": 1.543953,"dtheta": 0.016037,"k1": 0.089923,"dk1": 0.049394,"b1": 61.065489,"db1": 0.000005,"fit1": 1,"k2": -0.176344,"dk2": 0.043326,"b2": 177.037980,"db2": 0.000008,"fit2": 2}
