{"ampT": 1.389046,"tAmpT": 984,"ampL": 1.327143,"tStartL": 1002,"tEndL": 5198,"averN": 0.037494,"theta": 0.557940,"dtheta": 0.032047,"k1": -0.157669,"dk1": 0.067361,"b1": 122.581365,"db1": 0.000021,"fit1": 0,"k2": 0.954202,"dk2": 0.067361,"b2": 282.254412,"db2": 0.000021,"fit2": 2}
