{"ampT": 0.311295,"tAmpT": 984,"ampL": 0.672360,"tStartL": 992,"tEndL": 2407,"averN": 0.006310,"theta": 0.374396,"dtheta": 0.066479,"k1": 0.738807,"dk1": 0.204066,"b1": -17.986163,"db1": 0.000026,"fit1": 1,"k2": 2.519344,"dk2": 0.198685,"b2": 590.438519,"db2": 0.000029,"fit2": 2}
