{"ampT": 1.631704,"tAmpT": 984,"ampL": 1.302412,"tStartL": 2825,"tEndL": 7692,"averN": 0.021017,"theta": 0.642792,"dtheta": 0.058341,"k1": 0.786771,"dk1": 0.109314,"b1": 131.749294,"db1": 0.000012,"fit1": 0,"k2": -0.999438,"dk2": 0.109314,"b2": 164.357729,"db2": 0.000012,"fit2": 2}
