{"ampT": 0.435092,"tAmpT": 984,"ampL": 0.354697,"tStartL": 7408,"tEndL": 7775,"averN": 0.007573,"theta": 1.190505,"dtheta": 0.748128,"k1": 0.604393,"dk1": 0.904758,"b1": 25.317163,"db1": 0.000077,"fit1": 1,"k2": -0.454603,"dk2": 0.851591,"b2": 118.117922,"db2": 0.000525,"fit2": 2}
