{"ampT": 1.613727,"tAmpT": 984,"ampL": 0.660743,"tStartL": 1307,"tEndL": 7683,"averN": 0.023846,"theta": 0.434612,"dtheta": 0.063776,"k1": -0.621353,"dk1": 0.135572,"b1": -149.063864,"db1": 0.000018,"fit1": 1,"k2": 2.400978,"dk2": 0.133818,"b2": 489.526343,"db2": 0.000013,"fit2": 2}
