{"ampT": 0.219871,"tAmpT": 983,"ampL": 0.549681,"tStartL": 6100,"tEndL": 7696,"averN": 0.010666,"theta": 0.529177,"dtheta": 0.743919,"k1": -0.104609,"dk1": 0.177684,"b1": 119.670021,"db1": 0.000058,"fit1": 1,"k2": -0.103436,"dk2": 0.031250,"b2": 130.995291,"db2": 0.000001,"fit2": 3}
