{"ampT": 0.634122,"tAmpT": 984,"ampL": 1.271697,"tStartL": 3077,"tEndL": 4408,"averN": 0.013466,"theta": 0.820833,"dtheta": 0.104987,"k1": 0.135031,"dk1": 0.020071,"b1": 116.510545,"db1": 0.000017,"fit1": 1,"k2": 0.244210,"dk2": 0.037037,"b2": 45.972448,"db2": 0.000000,"fit2": 3}
