{"ampT": 1.201107,"tAmpT": 983,"ampL": 3.178309,"tStartL": 991,"tEndL": 2653,"averN": 0.037269,"theta": 1.332211,"dtheta": 0.027931,"k1": -0.966790,"dk1": 0.034350,"b1": -70.367424,"db1": 0.000014,"fit1": 1,"k2": -0.205835,"dk2": 0.024750,"b2": 377.354023,"db2": 0.000010,"fit2": 2}
