{"ampT": 1.408381,"tAmpT": 984,"ampL": 1.203129,"tStartL": 2707,"tEndL": 5844,"averN": 0.021412,"theta": 0.972481,"dtheta": 0.049840,"k1": -0.247852,"dk1": 0.027299,"b1": 94.472089,"db1": 0.000007,"fit1": 1,"k2": 0.599961,"dk2": 0.015873,"b2": -75.982238,"db2": 0.000000,"fit2": 3}
