{"ampT": 0.158600,"tAmpT": 984,"ampL": 0.587366,"tStartL": 992,"tEndL": 1890,"averN": 0.007147,"theta": 0.822970,"dtheta": 0.090877,"k1": 0.332364,"dk1": 0.057160,"b1": 123.461713,"db1": 0.000014,"fit1": 1,"k2": 0.578064,"dk2": 0.055556,"b2": -121.151135,"db2": 0.000000,"fit2": 3}
