{"ampT": 1.916637,"tAmpT": 984,"ampL": 1.254534,"tStartL": 1334,"tEndL": 7683,"averN": 0.025400,"theta": 0.584128,"dtheta": 1.858596,"k1": -0.024537,"dk1": 0.098782,"b1": 59.765015,"db1": 0.000016,"fit1": 1,"k2": -0.027567,"dk2": 0.010101,"b2": 72.054108,"db2": 0.000000,"fit2": 3}
