{"ampT": 1.563557,"tAmpT": 984,"ampL": 4.640188,"tStartL": 1336,"tEndL": 2096,"averN": 0.033435,"theta": 1.451486,"dtheta": 0.018949,"k1": -0.590080,"dk1": 0.013120,"b1": -33.240098,"db1": 0.000002,"fit1": 0,"k2": -0.081879,"dk2": 0.013120,"b2": 369.819455,"db2": 0.000002,"fit2": 2}
