{"ampT": 0.587313,"tAmpT": 984,"ampL": 1.676980,"tStartL": 990,"tEndL": 3204,"averN": 0.012792,"theta": 0.841601,"dtheta": 0.075562,"k1": -0.399214,"dk1": 0.059230,"b1": 115.870975,"db1": 0.000024,"fit1": 1,"k2": -1.417544,"dk2": 0.116488,"b2": 513.671229,"db2": 0.000011,"fit2": 2}
