{"ampT": 1.268210,"tAmpT": 984,"ampL": 1.452369,"tStartL": 2470,"tEndL": 5591,"averN": 0.031374,"theta": 1.053301,"dtheta": 0.030562,"k1": -0.425993,"dk1": 0.032772,"b1": 28.129410,"db1": 0.000004,"fit1": 1,"k2": 0.854389,"dk2": 0.024367,"b2": 263.323925,"db2": 0.000013,"fit2": 2}
