{"ampT": 0.661271,"tAmpT": 984,"ampL": 0.772925,"tStartL": 5752,"tEndL": 7702,"averN": 0.004182,"theta": 0.893182,"dtheta": 0.081286,"k1": -0.269126,"dk1": 0.047437,"b1": -134.440663,"db1": 0.000036,"fit1": 1,"k2": 1.821487,"dk2": 0.047602,"b2": 400.922857,"db2": 0.000003,"fit2": 2}
