{"ampT": 0.267544,"tAmpT": 983,"ampL": 0.926086,"tStartL": 2400,"tEndL": 7706,"averN": 0.004013,"theta": 0.475821,"dtheta": 0.008915,"k1": 0.298700,"dk1": 0.024795,"b1": 122.181978,"db1": 0.000024,"fit1": 0,"k2": -1.191351,"dk2": 0.024795,"b2": 172.137637,"db2": 0.000024,"fit2": 2}
