{"ampT": 1.054421,"tAmpT": 984,"ampL": 1.607382,"tStartL": 1001,"tEndL": 4237,"averN": 0.026815,"theta": 0.457570,"dtheta": 0.057401,"k1": -0.395598,"dk1": 0.061237,"b1": 122.605440,"db1": 0.000031,"fit1": 1,"k2": -3.247342,"dk2": 0.179666,"b2": 690.112918,"db2": 0.000015,"fit2": 2}
