{"ampT": 0.532996,"tAmpT": 985,"ampL": 0.926900,"tStartL": 993,"tEndL": 3348,"averN": 0.010497,"theta": 0.585261,"dtheta": 0.047147,"k1": -0.758064,"dk1": 0.068115,"b1": -153.970027,"db1": 0.000024,"fit1": 1,"k2": 1.469307,"dk2": 0.124908,"b2": 512.490187,"db2": 0.000009,"fit2": 2}
