{"ampT": 1.901236,"tAmpT": 984,"ampL": 0.596307,"tStartL": 3636,"tEndL": 7681,"averN": 0.010132,"theta": 0.408655,"dtheta": 0.010300,"k1": 0.128932,"dk1": 0.038117,"b1": -83.141006,"db1": 0.000011,"fit1": 0,"k2": -1.369650,"dk2": 0.038117,"b2": 147.040716,"db2": 0.000011,"fit2": 2}
