{"ampT": 1.189675,"tAmpT": 984,"ampL": 1.136199,"tStartL": 998,"tEndL": 5297,"averN": 0.037779,"theta": 0.797236,"dtheta": 0.082143,"k1": 0.051211,"dk1": 0.094487,"b1": -64.843295,"db1": 0.000013,"fit1": 0,"k2": 0.575224,"dk2": 0.094487,"b2": 324.809963,"db2": 0.000013,"fit2": 2}
