{"ampT": 0.535590,"tAmpT": 983,"ampL": 1.878517,"tStartL": 4255,"tEndL": 7672,"averN": 0.023249,"theta": 0.683454,"dtheta": 0.036693,"k1": 0.444194,"dk1": 0.037421,"b1": -28.432130,"db1": 0.000006,"fit1": 1,"k2": 0.562020,"dk2": 0.014493,"b2": -106.171739,"db2": 0.000000,"fit2": 3}
