{"ampT": 0.976059,"tAmpT": 984,"ampL": 2.321375,"tStartL": 5427,"tEndL": 7685,"averN": 0.010821,"theta": 0.956532,"dtheta": 0.040820,"k1": -0.240610,"dk1": 0.019757,"b1": -35.466291,"db1": 0.000003,"fit1": 1,"k2": -0.563868,"dk2": 0.021739,"b2": 58.178439,"db2": 0.000001,"fit2": 3}
