{"ampT": 1.399188,"tAmpT": 984,"ampL": 1.545353,"tStartL": 2861,"tEndL": 6433,"averN": 0.024705,"theta": 1.024206,"dtheta": 0.067718,"k1": 0.259550,"dk1": 0.040691,"b1": -89.759097,"db1": 0.000007,"fit1": 1,"k2": -1.424598,"dk2": 0.058444,"b2": 137.291172,"db2": 0.000009,"fit2": 2}
