{"ampT": 0.791874,"tAmpT": 985,"ampL": 0.383397,"tStartL": 3413,"tEndL": 7199,"averN": 0.006182,"theta": 0.671608,"dtheta": 0.285757,"k1": 0.675525,"dk1": 0.411626,"b1": -118.316558,"db1": 0.000039,"fit1": 1,"k2": -1.322029,"dk2": 0.543611,"b2": 152.687956,"db2": 0.000128,"fit2": 2}
