{"ampT": 2.085690,"tAmpT": 319,"ampL": 0.980824,"tStartL": 325,"tEndL": 7037,"averN": 0.040910,"theta": 0.232904,"dtheta": 5.303356,"k1": 0.026086,"dk1": 0.616164,"b1": 12.934377,"db1": 0.000045,"fit1": 1,"k2": -0.010516,"dk2": 0.007519,"b2": 19.184684,"db2": 0.000000,"fit2": 3}
