{"ampT": 0.279360,"tAmpT": 983,"ampL": 0.396757,"tStartL": 989,"tEndL": 7743,"averN": 0.005761,"theta": 0.272522,"dtheta": 0.061027,"k1": 2.538059,"dk1": 1.230358,"b1": 71.503041,"db1": 0.000524,"fit1": 1,"k2": 0.442035,"dk2": 0.100000,"b2": -81.501196,"db2": 0.000002,"fit2": 3}
