{"ampT": 2.064043,"tAmpT": 984,"ampL": 1.059561,"tStartL": 2846,"tEndL": 7678,"averN": 0.019049,"theta": 0.689000,"dtheta": 2.946448,"k1": -0.009643,"dk1": 0.057436,"b1": 5.820511,"db1": 0.000006,"fit1": 1,"k2": 0.013502,"dk2": 0.010309,"b2": 2.602432,"db2": 0.000000,"fit2": 3}
