{"ampT": 0.910939,"tAmpT": 984,"ampL": 1.875586,"tStartL": 3077,"tEndL": 4313,"averN": 0.020546,"theta": 1.390877,"dtheta": 0.034899,"k1": 0.160962,"dk1": 0.029157,"b1": 97.994302,"db1": 0.000008,"fit1": 1,"k2": -0.673257,"dk2": 0.060649,"b2": 360.939214,"db2": 0.000007,"fit2": 2}
