{"ampT": 0.782242,"tAmpT": 984,"ampL": 1.064009,"tStartL": 5829,"tEndL": 7698,"averN": 0.008543,"theta": 0.959301,"dtheta": 0.014335,"k1": 0.286083,"dk1": 0.012999,"b1": -39.891812,"db1": 0.000002,"fit1": 0,"k2": 0.428985,"dk2": 0.012999,"b2": 138.790430,"db2": 0.000002,"fit2": 2}
