{"ampT": 1.534207,"tAmpT": 985,"ampL": 0.955572,"tStartL": 2186,"tEndL": 7457,"averN": 0.022890,"theta": 0.766765,"dtheta": 0.183970,"k1": -0.167816,"dk1": 0.063245,"b1": -18.706043,"db1": 0.000007,"fit1": 1,"k2": 0.271059,"dk2": 0.009434,"b2": -86.021494,"db2": 0.000000,"fit2": 3}
