{"ampT": 0.600070,"tAmpT": 983,"ampL": 2.174397,"tStartL": 3641,"tEndL": 7344,"averN": 0.018507,"theta": 0.927498,"dtheta": 0.019054,"k1": 0.430511,"dk1": 0.018778,"b1": -66.273870,"db1": 0.000003,"fit1": 0,"k2": -0.480121,"dk2": 0.018778,"b2": 229.941083,"db2": 0.000003,"fit2": 2}
