{"ampT": 1.230011,"tAmpT": 983,"ampL": 3.667402,"tStartL": 2580,"tEndL": 5004,"averN": 0.047132,"theta": 1.540822,"dtheta": 0.014071,"k1": 0.041692,"dk1": 0.019582,"b1": 27.251144,"db1": 0.000004,"fit1": 1,"k2": -0.423399,"dk2": 0.012046,"b2": 306.426421,"db2": 0.000013,"fit2": 2}
