{"ampT": 0.845703,"tAmpT": 984,"ampL": 1.296801,"tStartL": 4637,"tEndL": 6580,"averN": 0.022313,"theta": 1.216680,"dtheta": 0.054030,"k1": -0.085928,"dk1": 0.013228,"b1": -34.283836,"db1": 0.000001,"fit1": 1,"k2": 0.393672,"dk2": 0.025641,"b2": -119.553377,"db2": 0.000001,"fit2": 3}
