{"ampT": 1.958811,"tAmpT": 984,"ampL": 1.927737,"tStartL": 990,"tEndL": 6011,"averN": 0.046218,"theta": 0.449246,"dtheta": 0.029916,"k1": 0.106179,"dk1": 0.093061,"b1": -16.353691,"db1": 0.000019,"fit1": 0,"k2": -1.226948,"dk2": 0.093061,"b2": 340.385152,"db2": 0.000019,"fit2": 2}
