{"ampT": 0.432115,"tAmpT": 984,"ampL": 1.670509,"tStartL": 1000,"tEndL": 2488,"averN": 0.019321,"theta": 0.860538,"dtheta": 0.073592,"k1": -1.866130,"dk1": 0.145613,"b1": -265.804208,"db1": 0.000010,"fit1": 0,"k2": -1.071015,"dk2": 0.145613,"b2": 234.041507,"db2": 0.000010,"fit2": 2}
