{"ampT": 1.232292,"tAmpT": 984,"ampL": 1.879172,"tStartL": 1603,"tEndL": 7407,"averN": 0.028182,"theta": 0.842322,"dtheta": 0.171607,"k1": -0.563212,"dk1": 0.201497,"b1": 42.767781,"db1": 0.000015,"fit1": 0,"k2": -0.602321,"dk2": 0.201497,"b2": 251.229905,"db2": 0.000015,"fit2": 2}
