{"ampT": 1.507985,"tAmpT": 984,"ampL": 1.219358,"tStartL": 6743,"tEndL": 7716,"averN": 0.009245,"theta": 1.122356,"dtheta": 0.013371,"k1": 0.280887,"dk1": 0.010032,"b1": 71.992857,"db1": 0.000004,"fit1": 0,"k2": 0.293972,"dk2": 0.010032,"b2": 136.553232,"db2": 0.000004,"fit2": 2}
