{"ampT": 1.037600,"tAmpT": 983,"ampL": 1.075872,"tStartL": 990,"tEndL": 4894,"averN": 0.035747,"theta": 0.853831,"dtheta": 0.069549,"k1": -0.483007,"dk1": 0.078040,"b1": -45.679194,"db1": 0.000013,"fit1": 0,"k2": 0.569453,"dk2": 0.078040,"b2": 356.020639,"db2": 0.000013,"fit2": 2}
