{"ampT": 0.994490,"tAmpT": 983,"ampL": 1.362607,"tStartL": 997,"tEndL": 6522,"averN": 0.037878,"theta": 0.735492,"dtheta": 0.052258,"k1": -0.085485,"dk1": 0.068428,"b1": -60.059316,"db1": 0.000008,"fit1": 0,"k2": -0.652458,"dk2": 0.068428,"b2": 288.760738,"db2": 0.000008,"fit2": 2}
