{"ampT": 1.144742,"tAmpT": 984,"ampL": 2.311339,"tStartL": 6761,"tEndL": 7540,"averN": 0.007375,"theta": 1.311025,"dtheta": 0.005472,"k1": -0.622081,"dk1": 0.005556,"b1": -138.449443,"db1": 0.000001,"fit1": 1,"k2": 0.295976,"dk2": 0.006240,"b2": 183.643293,"db2": 0.000001,"fit2": 2}
