{"ampT": 0.686442,"tAmpT": 984,"ampL": 0.750176,"tStartL": 5566,"tEndL": 7162,"averN": 0.008564,"theta": 0.907516,"dtheta": 0.067685,"k1": -0.299643,"dk1": 0.040468,"b1": -139.484549,"db1": 0.000028,"fit1": 1,"k2": 1.601314,"dk2": 0.102598,"b2": 399.032243,"db2": 0.000006,"fit2": 2}
