{"ampT": 1.098884,"tAmpT": 985,"ampL": 1.121432,"tStartL": 994,"tEndL": 5432,"averN": 0.027166,"theta": 0.625330,"dtheta": 0.201052,"k1": 0.234974,"dk1": 0.104193,"b1": -104.227308,"db1": 0.000023,"fit1": 1,"k2": -3.561829,"dk2": 0.190965,"b2": -15.469939,"db2": 0.000022,"fit2": 2}
