{"ampT": 0.302429,"tAmpT": 983,"ampL": 0.611900,"tStartL": 3905,"tEndL": 7698,"averN": 0.008119,"theta": 1.534913,"dtheta": 0.113379,"k1": 0.079898,"dk1": 0.249783,"b1": 132.621257,"db1": 0.000849,"fit1": 1,"k2": -0.265140,"dk2": 0.157005,"b2": 180.429298,"db2": 0.000009,"fit2": 2}
