{"ampT": 0.398024,"tAmpT": 984,"ampL": 1.037778,"tStartL": 992,"tEndL": 2608,"averN": 0.007807,"theta": 0.602994,"dtheta": 0.023337,"k1": 0.928138,"dk1": 0.050349,"b1": -135.267209,"db1": 0.000005,"fit1": 0,"k2": -1.165590,"dk2": 0.050349,"b2": 485.967453,"db2": 0.000005,"fit2": 2}
