{"ampT": 0.882065,"tAmpT": 983,"ampL": 1.164196,"tStartL": 994,"tEndL": 7679,"averN": 0.030635,"theta": 0.350219,"dtheta": 0.151060,"k1": -0.165601,"dk1": 0.078762,"b1": 15.603927,"db1": 0.000041,"fit1": 1,"k2": 0.101452,"dk2": 0.007463,"b2": -12.720999,"db2": 0.000000,"fit2": 3}
