{"ampT": 1.335022,"tAmpT": 984,"ampL": 0.880388,"tStartL": 994,"tEndL": 4715,"averN": 0.038841,"theta": 0.913848,"dtheta": 0.104807,"k1": 0.157062,"dk1": 0.099280,"b1": 59.826110,"db1": 0.000013,"fit1": 0,"k2": 0.459224,"dk2": 0.099280,"b2": 342.457937,"db2": 0.000013,"fit2": 2}
