{"ampT": 1.252601,"tAmpT": 984,"ampL": 2.153025,"tStartL": 4817,"tEndL": 7635,"averN": 0.018841,"theta": 0.747114,"dtheta": 0.418389,"k1": -0.058791,"dk1": 0.048226,"b1": 67.435016,"db1": 0.000004,"fit1": 1,"k2": -0.092411,"dk2": 0.017544,"b2": 83.984634,"db2": 0.000000,"fit2": 3}
