{"ampT": 0.923724,"tAmpT": 983,"ampL": 1.566091,"tStartL": 2448,"tEndL": 6658,"averN": 0.025891,"theta": 0.876638,"dtheta": 0.019530,"k1": -0.766322,"dk1": 0.028567,"b1": -20.619437,"db1": 0.000004,"fit1": 1,"k2": -0.804949,"dk2": 0.025785,"b2": 250.782297,"db2": 0.000006,"fit2": 2}
