{"ampT": 0.164508,"tAmpT": 984,"ampL": 1.268422,"tStartL": 7175,"tEndL": 7307,"averN": 0.003381,"theta": 1.516398,"dtheta": 0.026562,"k1": -0.564133,"dk1": 0.042658,"b1": 66.407166,"db1": 0.000028,"fit1": 1,"k2": -0.065190,"dk2": 0.031675,"b2": 155.635598,"db2": 0.000004,"fit2": 2}
