{"ampT": 0.690150,"tAmpT": 983,"ampL": 0.853033,"tStartL": 5739,"tEndL": 7325,"averN": 0.010489,"theta": 1.076725,"dtheta": 0.058180,"k1": -1.004761,"dk1": 0.061069,"b1": 161.772928,"db1": 0.000009,"fit1": 0,"k2": -0.449149,"dk2": 0.061069,"b2": 214.367610,"db2": 0.000009,"fit2": 2}
