{"ampT": 0.983693,"tAmpT": 985,"ampL": 1.020154,"tStartL": 993,"tEndL": 4824,"averN": 0.023077,"theta": 0.024807,"dtheta": 0.441643,"k1": 0.017568,"dk1": 0.055485,"b1": 47.905947,"db1": 0.000014,"fit1": 1,"k2": 0.000741,"dk2": 0.012987,"b2": 49.236933,"db2": 0.000000,"fit2": 3}
