{"ampT": 1.710270,"tAmpT": 946,"ampL": 1.432362,"tStartL": 952,"tEndL": 1157,"averN": 0.010085,"theta": 0.694419,"dtheta": 0.200748,"k1": -0.372644,"dk1": 0.023190,"b1": 90.953961,"db1": 0.000012,"fit1": 1,"k2": 0.494361,"dk2": 0.200000,"b2": -90.338560,"db2": 0.000001,"fit2": 3}
