{"ampT": 1.293006,"tAmpT": 1008,"ampL": 1.772320,"tStartL": 1014,"tEndL": 1192,"averN": 0.010107,"theta": 1.146682,"dtheta": 0.115047,"k1": -0.245187,"dk1": 0.033232,"b1": 57.475493,"db1": 0.000004,"fit1": 1,"k2": 0.896595,"dk2": 0.250000,"b2": -275.457229,"db2": 0.000002,"fit2": 3}
