{"ampT": 0.354746,"tAmpT": 984,"ampL": 1.366269,"tStartL": 3742,"tEndL": 7663,"averN": 0.015959,"theta": 0.825528,"dtheta": 0.021237,"k1": -0.207498,"dk1": 0.023481,"b1": 56.049875,"db1": 0.000004,"fit1": 0,"k2": -0.554384,"dk2": 0.023481,"b2": 208.993339,"db2": 0.000004,"fit2": 2}
