{"ampT": 2.186535,"tAmpT": 984,"ampL": 0.951676,"tStartL": 994,"tEndL": 7680,"averN": 0.040106,"theta": 0.543331,"dtheta": 0.145871,"k1": 0.227736,"dk1": 0.078570,"b1": 4.904981,"db1": 0.000014,"fit1": 1,"k2": 0.227988,"dk2": 0.007463,"b2": -58.015432,"db2": 0.000000,"fit2": 3}
