{"ampT": 1.968968,"tAmpT": 984,"ampL": 1.917265,"tStartL": 3765,"tEndL": 5952,"averN": 0.023288,"theta": 1.167276,"dtheta": 0.021167,"k1": -0.363667,"dk1": 0.015607,"b1": -37.466689,"db1": 0.000002,"fit1": 0,"k2": 0.267238,"dk2": 0.015607,"b2": 253.278768,"db2": 0.000002,"fit2": 2}
