{"ampT": 0.782967,"tAmpT": 984,"ampL": 2.435875,"tStartL": 1002,"tEndL": 2669,"averN": 0.027101,"theta": 0.622608,"dtheta": 0.062716,"k1": 1.498114,"dk1": 0.161465,"b1": 218.041705,"db1": 0.000010,"fit1": 0,"k2": 1.475973,"dk2": 0.161465,"b2": 569.647582,"db2": 0.000010,"fit2": 2}
