{"ampT": 1.570657,"tAmpT": 984,"ampL": 1.357162,"tStartL": 2512,"tEndL": 5031,"averN": 0.032637,"theta": 1.145561,"dtheta": 0.045653,"k1": 0.120963,"dk1": 0.032582,"b1": 17.161883,"db1": 0.000003,"fit1": 0,"k2": -0.268334,"dk2": 0.032582,"b2": 291.059836,"db2": 0.000003,"fit2": 2}
