{"ampT": 1.520750,"tAmpT": 983,"ampL": 2.680483,"tStartL": 1002,"tEndL": 4224,"averN": 0.033112,"theta": 1.013410,"dtheta": 0.053351,"k1": 1.014709,"dk1": 0.057259,"b1": -114.067315,"db1": 0.000015,"fit1": 1,"k2": -0.514785,"dk2": 0.059483,"b2": 311.446917,"db2": 0.000011,"fit2": 2}
