{"ampT": 0.388263,"tAmpT": 984,"ampL": 1.024160,"tStartL": 996,"tEndL": 2981,"averN": 0.010770,"theta": 0.319282,"dtheta": 0.053666,"k1": 0.622961,"dk1": 0.137674,"b1": 134.389030,"db1": 0.000014,"fit1": 1,"k2": -0.297163,"dk2": 0.025000,"b2": 179.073171,"db2": 0.000000,"fit2": 3}
