{"ampT": 2.636950,"tAmpT": 789,"ampL": 2.345793,"tStartL": 820,"tEndL": 7475,"averN": 0.064456,"theta": 0.286141,"dtheta": 0.423011,"k1": 0.075140,"dk1": 0.116866,"b1": 102.709500,"db1": 0.000084,"fit1": 1,"k2": 0.037477,"dk2": 0.008264,"b2": 95.856536,"db2": 0.000000,"fit2": 3}
