{"ampT": 0.690294,"tAmpT": 984,"ampL": 0.768503,"tStartL": 6311,"tEndL": 7676,"averN": 0.007249,"theta": 0.814722,"dtheta": 0.018053,"k1": -0.731716,"dk1": 0.023625,"b1": 156.647100,"db1": 0.000006,"fit1": 0,"k2": -0.687350,"dk2": 0.023625,"b2": 203.125717,"db2": 0.000006,"fit2": 2}
