{"ampT": 0.664059,"tAmpT": 984,"ampL": 0.814785,"tStartL": 7563,"tEndL": 7812,"averN": 0.003442,"theta": 1.198867,"dtheta": 0.212632,"k1": 0.845609,"dk1": 0.186689,"b1": 109.589551,"db1": 0.000009,"fit1": 0,"k2": -0.300503,"dk2": 0.186689,"b2": 91.301334,"db2": 0.000009,"fit2": 2}
