{"ampT": 2.699756,"tAmpT": 984,"ampL": 2.188410,"tStartL": 2959,"tEndL": 7839,"averN": 0.033284,"theta": 0.725747,"dtheta": 0.879945,"k1": -0.022380,"dk1": 0.039107,"b1": -76.606806,"db1": 0.000004,"fit1": 1,"k2": -0.033750,"dk2": 0.010204,"b2": -71.949229,"db2": 0.000000,"fit2": 3}
