{"ampT": 1.028228,"tAmpT": 984,"ampL": 1.580486,"tStartL": 5839,"tEndL": 7652,"averN": 0.007321,"theta": 0.835554,"dtheta": 0.011356,"k1": 0.086761,"dk1": 0.012176,"b1": -111.842088,"db1": 0.000005,"fit1": 0,"k2": 0.534001,"dk2": 0.012176,"b2": 150.529137,"db2": 0.000005,"fit2": 2}
